{
    "./datasets/malicious_phish.csv": {
        "RandomForestClassifier": {
            "accuracy_list": [
                0.901734503489738,
                0.9050821950414238,
                0.9057578759050668,
                0.9062262455946376,
                0.9064028440021806,
                0.9067176498591052,
                0.9068097881586928,
                0.9067483626256344,
                0.9066178333678852,
                0.9069940647578683,
                0.9067867535837959,
                0.906863535500119,
                0.9069019264582805,
                0.9068712136917513,
                0.9067483626256344,
                0.9069556737997067,
                0.9067944317754283,
                0.9068097881586928,
                0.9066946152842082,
                0.9067099716674729,
                0.9065180168766652,
                0.9066946152842082,
                0.9064565913436068,
                0.9066101551762529,
                0.9065333732599298,
                0.9068021099670606,
                0.9065564078348267,
                0.9065871206013559,
                0.9065947987929883,
                0.9068405009252221,
                0.9067790753921636,
                0.9067790753921636,
                0.9067022934758405,
                0.9066562243260468,
                0.9067330062423697,
                0.9067483626256344,
                0.9069096046499129,
                0.9068021099670606,
                0.9067713972005313,
                0.9068021099670606,
                0.9068788918833837,
                0.9068405009252221,
                0.9067713972005313,
                0.9066408679427821,
                0.9066255115595175,
                0.9065947987929883,
                0.906663902517679,
                0.9066178333678852,
                0.9066792589009437,
                0.9066408679427821,
                0.9066331897511498,
                0.9066408679427821,
                0.9065717642180914
            ],
            "report": "              precision    recall  f1-score   support\n\n      benign     0.8814    0.9916    0.9332     85778\n   malicious     0.9787    0.7425    0.8444     44461\n\n    accuracy                         0.9066    130239\n   macro avg     0.9300    0.8671    0.8888    130239\nweighted avg     0.9146    0.9066    0.9029    130239\n"
        },
        "GaussianNB": {
            "accuracy_list": [
                0.8259737866537673,
                0.8257895100545919,
                0.8266955366672042,
                0.8267723185835272,
                0.8267108930504687,
                0.8266801802839395,
                0.8266494675174103,
                0.8265496510261903,
                0.8265957201759841,
                0.8266110765592488,
                0.8266955366672042,
                0.8266648239006749,
                0.8266648239006749,
                0.8266033983676164,
                0.8266571457090426,
                0.8265880419843519,
                0.8266033983676164,
                0.8265803637927195,
                0.8266110765592488,
                0.8266494675174103,
                0.8266110765592488,
                0.826641789325778,
                0.8264498345349703,
                0.8266725020923072,
                0.8260812813366196,
                0.8260966377198842,
                0.8257050499466365,
                0.8255207733474612,
                0.825490060580932,
                0.8254132786646089,
                0.825390244089712,
                0.8253748877064474,
                0.8253595313231827,
                0.8253748877064474,
                0.8253672095148151,
                0.8253672095148151,
                0.8253595313231827,
                0.8253672095148151,
                0.8253595313231827,
                0.8253057839817566,
                0.8253211403650212,
                0.8253364967482858,
                0.8253211403650212,
                0.825313462173389,
                0.8253288185566535,
                0.8253518531315505,
                0.8253364967482858,
                0.8253441749399182,
                0.8253288185566535,
                0.825290427598492,
                0.8252520366403304,
                0.825290427598492,
                0.8252597148319628
            ],
            "report": "              precision    recall  f1-score   support\n\n      benign     0.8456    0.8989    0.8714     85778\n   malicious     0.7779    0.6833    0.7275     44461\n\n    accuracy                         0.8253    130239\n   macro avg     0.8117    0.7911    0.7994    130239\nweighted avg     0.8224    0.8253    0.8223    130239\n"
        }
    }
}